-392.464,73.0601,6.19199,10.6699,2.74889,-4.3547,-15.1716,-3.10323,2.21888,6.19131,2.57267,6.59761,-1.5227,-2.55813,-4.38052,5.94067,6.19196,11.7085,4.8141,4.69008
-301.174,104.219,31.8255,45.1968,-55.7973,0.860336,1.375,-2.81613,-3.83816,-4.94908,12.8666,9.75695,9.74837,14.3687,6.91134,7.86019,2.14863,-3.13015,0.072937,-6.17777
-431.649,77.1686,-28.4873,67.0712,5.47075,2.96558,-1.17883,-9.5782,2.15106,2.46542,8.74352,-1.43927,0.693017,-3.52765,7.33142,-3.27625,-2.88904,5.50477,-0.700738,-3.32475
-393.593,90.632,-0.498692,31.9219,-2.67511,11.3136,-0.118166,5.3486,0.658406,2.61388,0.166613,9.54354,3.01785,9.61042,5.40336,8.16072,4.32254,6.71919,3.44757,4.94699
-349.293,76.828,-47.4607,-10.6634,-47.9112,-12.7326,-38.9261,-14.7872,-29.6138,-16.535,-22.1817,-12.1196,-19.2656,-8.52629,-13.2119,-6.8034,-7.57548,-1.27967,-6.07869,-0.213503
-106.124,150.579,34.3326,27.0843,27.6711,31.5084,12.208,12.4307,1.20104,7.84391,0.559801,5.28366,-0.883477,6.81046,3.41748,4.72132,-1.69872,0.135925,-2.41665,0.362532
-527.296,-30.6417,-51.8121,-19.2556,-40.4324,2.52921,-6.20393,4.48776,1.8485,14.4325,-4.49711,9.69526,1.12572,-4.62793,9.53041,-7.14984,4.41241,0.672555,-7.31892,3.85438
-304.762,42.6195,-16.6649,39.6028,-8.57776,4.02803,-6.64651,-0.0256777,-20.0058,-0.326066,-14.8348,-4.44917,-3.25492,5.37288,-2.95069,1.25647,-0.0660717,-0.616676,-0.563622,4.4205
-404.072,137.52,-30.3004,29.5196,0.421487,13.1792,-2.57308,-0.85288,-7.15327,-0.89993,-10.225,-6.37261,-1.85954,6.3123,0.295607,3.39065,-3.14777,-2.54162,-3.21472,0.381335
-550.674,28.7227,17.4992,69.325,-18.5216,5.79913,11.9972,-1.8779,-3.30318,-0.833424,-6.70625,-4.28384,8.77263,-0.0140053,2.12419,1.40168,3.67019,1.05498,-3.30935,4.08275
-486.489,-0.105109,-73.6218,-3.89418,-50.7201,-13.4108,-34.0768,-24.4039,-28.3024,-3.04463,-13.5388,-0.830682,-5.80159,5.63423,-3.83746,2.90563,-3.05945,1.75399,0.914708,1.85874
-323.279,109.129,11.3041,6.10329,-12.4346,-41.1542,-46.1845,-23.7039,-3.35612,-20.1683,-16.0438,5.20981,-3.07786,-2.87953,2.12504,-2.72899,2.45974,0.618053,-4.33352,0.251488
-686.493,171.826,99.5968,20.9006,-31.8987,-46.9815,-35.1917,-17.2573,-7.72477,-7.83671,-10.0421,-7.78515,-1.11714,5.00505,6.37446,3.14166,-1.12637,-3.17551,-2.53487,-1.02269
-591.895,-33.4086,-58.0987,14.1312,-58.6156,-3.76265,4.79936,-6.92139,11.3645,7.44548,-10.4183,8.73162,4.41024,-0.812008,2.13356,1.68902,0.743126,1.70243,-6.25603,3.70229
-267.816,21.0951,-38.3952,90.6874,11.3349,21.4106,-4.79002,-6.02295,-3.66542,12.4712,-1.99956,2.49439,-2.30963,9.50281,6.77123,0.573949,2.59551,0.534373,-0.454907,2.90738
-552.345,26.8242,-10.5311,53.667,2.71071,9.51113,-10.0318,6.4722,1.52576,4.8752,5.36908,4.37818,2.54112,8.44737,-0.636485,3.50072,-3.50715,1.69844,-2.63774,-0.324744
-369.925,150.552,-17.4807,-8.69517,-36.9374,-8.39395,-22.3849,-19.0212,-26.0699,-17.8283,-19.0039,-13.6322,-4.2843,0.506827,-4.2761,-0.461345,-2.08852,-3.73398,-1.88034,0.451073
-324.777,66.5924,-9.96019,2.33849,-29.5316,16.9055,-17.1115,-1.78622,6.77843,-0.658926,11.5294,-1.30395,2.64047,0.42159,-4.08608,10.1075,0.0349121,12.3195,-0.464461,5.69562
-502.452,80.8321,17.9855,49.5452,5.78302,0.204843,0.104201,-0.800773,-7.82879,3.32525,-7.51433,7.41114,5.96909,9.97714,9.93426,12.9891,9.63025,9.25196,6.45746,4.52789
-278.369,139.246,-48.702,19.0068,-44.334,2.32192,-19.1362,-18.5905,-25.7067,-14.6327,-17.9993,-14.326,-4.31141,-2.02706,3.09613,-2.80137,2.59473,-6.22951,-3.25202,1.34123
-471.493,62.955,-13.4262,36.5823,1.49893,8.00066,2.5432,8.07909,-6.20334,5.38746,9.62459,7.7239,0.00145269,12.1429,2.9575,0.864644,-2.59752,2.87468,-6.63962,5.4102
-455.869,59.4156,-25.6728,9.97584,-22.3604,12.5398,-7.74672,-7.36473,6.75242,-3.04633,-0.377971,2.36842,5.75145,4.99144,6.56109,3.09438,-3.24768,-1.92473,-4.86024,-0.925206
-399.105,71.1687,3.47781,39.9665,11.1344,13.606,-5.55818,16.1732,11.4987,6.36493,8.03135,12.8814,-1.197,2.14825,3.90305,0.126107,-0.315066,4.58829,2.06389,0.528068
-364.358,20.7799,-19.7926,68.181,4.11766,17.5735,-20.147,3.73293,-16.8974,-13.1905,-13.8558,-7.63571,-9.92156,-7.34637,-4.77799,7.65514,-8.48307,2.88011,-6.47518,8.69002
-459.002,116.641,9.58441,1.43846,-13.0407,-14.3345,-14.7474,-14.9095,-14.4815,-4.34859,-3.56121,4.56018,7.59912,11.7492,13.9939,10.6636,9.3726,9.19052,5.64706,5.73579
-485.178,83.0132,19.4499,14.6514,-0.822434,1.43838,-8.32702,-7.45742,-11.2291,-5.9853,-7.0314,2.58025,2.57534,9.704,6.40599,9.66475,5.56475,7.5584,0.854829,1.8615
-721.273,6.61069,-21.3576,71.5091,-17.2016,12.2246,6.45703,4.86101,6.06142,8.59235,-2.11216,11.8967,4.07323,2.35966,6.37135,-2.21835,5.45511,3.36214,-8.20538,10.1476
-408.737,72.4377,7.93285,49.7335,2.45985,21.2207,-0.547566,11.7497,6.82324,6.68059,5.4792,7.60551,3.2331,8.62549,7.86885,6.72282,4.84781,7.3873,2.91441,4.94602
-295.797,85.5361,6.99988,47.5307,-15.1693,9.32551,-7.41594,3.59398,-10.18,12.579,-17.2152,5.09162,-3.57264,-3.47843,4.93972,-1.79025,2.693,-2.65546,-5.39434,-5.18964
-475.887,59.3874,-5.89492,23.2454,-10.1043,-6.2884,12.8541,10.4072,2.96618,-7.01208,0.568755,0.750737,1.22852,-5.12941,-2.63675,-3.81858,-4.64617,-2.02046,-2.57029,-4.63861
-450.773,109.029,34.5408,36.6743,5.82036,-2.62051,-1.14398,-3.65343,-12.5672,-2.42558,-4.16314,3.52951,3.67012,9.81206,6.74408,8.17193,2.96702,6.11303,0.683881,1.01207
-589.202,71.4207,-22.5446,-10.1395,-9.46468,5.56031,2.39078,-6.56082,1.76973,-2.07044,-11.5132,-5.14781,-8.89239,-14.6178,-4.4303,-10.4084,-8.09401,-7.56763,-8.67937,-4.19115
-536.272,-6.29086,11.3011,55.8268,-32.3882,18.9698,21.2706,-3.86849,2.5183,2.19567,-9.54265,-1.21584,-8.21627,0.133587,-7.75493,-3.07585,-0.552951,5.8159,-11.1438,6.6329
-455.025,4.00926,-54.601,-1.50228,-21.6799,-6.27922,-26.8358,-12.018,-12.4828,-13.7218,-13.231,-8.97151,-7.37231,-2.48071,-5.10203,-3.31655,-6.61067,-3.42991,-4.96624,0.350192
-422.31,157.46,-27.9728,43.7526,-17.1058,-1.75365,1.2871,0.98122,4.59981,-3.64351,-11.8889,0.00368613,8.35911,8.2421,5.09036,8.99006,11.6824,7.79322,4.85509,4.38766
-554.394,70.4465,12.3858,44.5902,20.6248,-2.38916,-4.6153,-3.8142,0.936334,-2.48,-5.23216,-1.83706,6.29426,3.79069,4.90483,4.93972,2.95037,3.76166,1.47837,5.61695
-227.979,128.81,24.1364,12.054,4.37937,11.5771,-9.39083,-3.4826,-8.01081,-11.2023,-12.1986,-6.91788,-11.6125,-3.00037,-6.88298,-0.744173,-2.84722,0.989715,0.455339,3.10403
-519.583,-51.8541,-95.2826,-19.3854,-19.9644,28.6884,11.3432,15.4191,-8.25448,5.68883,-8.54152,-3.30435,-3.22406,1.30753,6.3028,-2.09469,1.83869,-2.01394,-3.87275,2.48499
-369.696,17.5036,-73.0767,-11.4023,-74.0879,-29.5975,-32.5409,-27.5816,-14.7115,-4.7359,-7.62331,0.124296,9.08922,12.4974,14.3752,7.10819,0.532046,9.96653,6.95968,4.68475
-412.509,128.028,25.6358,9.68581,-2.26482,11.8365,6.1563,7.74794,4.72513,10.8246,0.54374,9.35103,9.72013,14.7887,11.3051,10.3919,4.78202,11.5698,4.97959,5.45877
-464.139,45.5425,-41.122,8.93367,0.133097,6.10134,-0.853116,9.73047,6.78421,13.9387,15.5025,16.6101,15.1509,9.43873,6.52321,9.63807,6.02644,2.99735,4.49754,2.61029
-396.955,51.7875,-14.2915,89.1563,-11.5302,3.79971,33.2449,-6.88292,-7.86627,3.25177,-15.9504,19.3298,-6.32358,10.344,14.4542,1.67215,1.66338,9.98617,-0.274971,1.85785
-467.6,68.9782,-36.9242,15.6163,-17.6025,-6.3894,-0.212703,-9.89724,-1.00988,-4.67234,-11.4227,3.00255,-0.18164,-3.49968,-1.98237,3.26539,-3.34418,-0.820629,-4.45723,-1.0364
-409.155,26.0341,-64.0643,-28.2711,-45.4865,3.89195,-19.0932,-3.32735,-12.4703,-9.73766,-13.0152,-9.84773,-6.67734,-3.22638,5.86266,-0.780722,1.91383,4.93416,1.89478,7.55355
-564.481,10.0118,-83.9943,-39.7041,-20.114,-25.0174,-25.8819,-3.62159,-8.49395,-4.81268,5.88745,9.84426,7.06314,4.16766,9.67563,3.43594,-1.22674,11.1868,-3.20435,-1.16239
-506.702,-13.8422,-46.9113,-1.90277,-31.8446,-2.67764,-6.02994,4.71957,-1.6856,7.76413,-2.2089,3.16937,-1.15219,-6.96919,1.75965,-2.80059,0.798108,-2.08826,1.90067,-1.00962
-336.737,67.184,-15.5654,57.3345,-8.78776,4.8098,-13.9958,-2.42602,-13.8237,-7.025,-4.10785,6.22735,15.3344,11.2027,12.3026,15.6594,8.95636,5.95982,2.17693,2.65051
-539.35,77.0832,6.52248,19.5791,-21.7236,-1.26678,16.3532,1.33516,5.96442,-1.28652,-2.15593,-1.43219,-8.60228,1.30434,-2.40545,-8.66815,-4.70182,3.75893,-15.3242,-2.75672
-419.978,152.198,-6.46311,-23.0932,-21.513,-30.4701,-38.303,-48.0257,-37.5569,-27.8262,-26.5182,-19.6955,-11.6993,-4.70636,-1.37664,-3.6951,-3.05899,0.873676,0.965558,2.04296
-243.063,85.6252,-1.12445,19.9403,5.90408,7.89362,6.26522,3.20766,6.57625,12.6436,2.61711,10.1557,4.74559,9.97297,-3.09846,4.63174,-0.897035,2.57165,-0.760252,2.7566
-666.013,-78.7422,-54.5729,38.84,-3.63307,14.2374,-4.49513,-10.3415,0.856499,5.80244,-1.02579,-1.42346,-0.990091,2.33949,-0.142933,-0.101801,-2.16775,0.885279,1.16058,0.880854
-540.282,79.644,-9.00251,11.8875,1.03284,20.8035,8.69914,0.55277,14.8314,-4.42569,0.366032,-1.96243,-5.1346,3.14066,-4.02571,-3.01577,-1.48576,-3.52418,-5.09312,2.10099
-505.164,100.935,26.9647,56.8244,14.6233,30.5542,13.1915,9.49427,7.72408,0.955464,5.07021,3.22734,6.93586,11.2056,6.21146,3.02896,-1.47284,4.41087,5.37084,3.81463
-306.25,67.6436,-45.2985,22.5532,14.4146,40.3391,5.89515,12.7251,10.5052,7.61715,11.0887,2.22526,-1.90275,6.6915,-0.973195,3.26717,-1.50763,5.91009,-3.18274,0.190761
-382.056,175.662,17.5961,30.7285,-21.7224,10.1318,-3.26422,-7.92925,-0.092406,-3.30697,-5.82278,4.5433,8.62519,3.8688,9.15274,4.49076,5.3304,-1.75988,-0.583892,-1.11258
-453.014,85.9012,-5.94537,36.7534,14.7606,13.4549,-0.664106,9.45203,-0.405684,-2.80274,6.62429,7.29598,-1.19421,4.69151,2.34424,6.27717,1.52192,4.34859,-0.868487,-2.38373
-701.194,42.5406,2.75752,33.9177,15.5203,16.188,-12.2851,21.1192,-0.517315,9.21045,-0.140408,12.6937,-9.4562,6.10875,2.29822,4.24587,-1.73706,-3.00387,3.63576,-11.8569
-376.29,82.3929,12.5863,11.9905,-2.81992,-12.4462,-21.6592,-7.44221,0.11795,1.17736,0.378663,3.76599,-1.13724,-2.28317,-3.23902,7.28442,8.86695,11.0924,5.33771,4.5591
-312.495,170.788,-33.4831,39.3756,-8.36994,16.7138,-9.06364,-7.61087,-5.08451,-11.2724,-2.32642,0.220724,0.877575,5.65938,1.78186,-0.500505,2.05274,-4.77558,-5.22227,1.44958
-484.405,59.6722,10.8142,35.4193,-21.2733,4.90142,0.499537,7.24728,-7.88956,-4.64728,-7.54829,-3.41146,-8.27363,-9.76626,-3.8173,-11.5678,-4.29091,-0.636682,-5.7939,-4.12145
-345.59,98.5401,26.7881,5.02,-29.6208,-37.5285,-41.1496,-39.9611,-31.1439,-17.554,-12.953,-0.494216,-2.21731,2.26845,-3.59751,-4.74075,-8.94724,-7.33517,-14.1909,-10.1552
-265.99,94.6218,36.4652,13.5388,5.73687,3.03274,-11.7863,-0.164046,-1.05531,8.24111,2.89936,12.2499,6.21172,5.28989,0.306769,2.64483,-3.69242,-4.12123,-4.99576,2.20415
-435.675,97.6272,55.8665,43.0669,-0.989603,27.5733,15.8846,12.344,7.42749,11.3819,3.08763,8.17993,3.3358,1.64018,4.67283,3.21011,9.46831,11.759,8.97148,5.93999
-546.699,-23.7143,-85.3888,34.2385,-15.0602,-19.5237,-33.8314,4.09523,-6.84421,-11.7853,-9.18506,-6.0758,12.5892,-0.637783,-0.95524,-0.314338,4.49891,5.11159,5.72046,0.584495
-433.447,117.255,25.8858,14.6945,-2.04447,-5.07299,-17.0584,-14.9781,-14.7172,-5.03355,-2.45053,5.62242,6.12788,11.609,7.6784,8.67793,2.94911,4.3041,-0.258882,2.23962
-387.79,133.087,-27.9731,62.1611,-29.0821,-2.82047,-7.66682,-23.725,-8.02367,-8.6621,5.1827,4.39409,15.8094,9.93306,10.5664,7.34987,1.16982,2.01936,-2.041,-0.514452
-632.787,-33.0068,8.42824,15.1302,-25.7976,21.9164,-10.2218,-0.78651,6.09147,-5.40875,1.56702,1.90063,-2.71227,0.855183,1.67633,-2.44279,0.452637,3.13445,-5.97945,6.1552
-337.007,32.0358,-12.9922,58.5575,-24.5585,8.05523,-22.7322,-5.02137,-13.2094,-16.8964,-17.5819,-5.79468,-14.0046,0.35691,4.35215,-8.69119,-10.9359,-0.336863,-5.40521,-9.40624
-301.606,72.0709,-31.1095,20.0271,23.0405,22.5542,10.8206,8.96638,4.61211,7.65303,1.01429,9.33867,2.70563,13.3149,7.99583,6.60893,4.3595,6.77027,1.28182,8.67632
-359.033,94.4622,-14.6818,33.6965,-25.5717,-10.8585,-24.327,-22.4534,-24.875,-26.0085,-18.7087,-10.4014,5.24719,7.16169,5.21074,4.88606,3.58875,-2.70431,-6.59658,-3.42123
-353.922,131.969,31.4394,20.4064,14.8183,19.5219,-2.4394,5.12378,0.0222121,9.9732,2.31868,7.44283,1.52155,5.00409,-0.713883,0.935677,-2.49649,3.1082,0.00606284,4.00873
-426.838,90.2656,14.1819,52.4486,-24.1981,7.13073,1.42304,-11.244,-6.89322,-2.04426,-2.58695,8.35433,9.92794,18.7671,11.5707,14.1556,9.78144,6.5347,-0.421047,2.34957
-459.638,5.40049,-46.849,27.9163,-29.8727,15.9619,-2.62339,-16.3671,5.6436,1.01404,-8.83723,3.513,-1.91016,-0.646741,2.15819,-6.22188,-3.99998,2.55187,-7.77153,4.03428
-197.884,67.169,-28.0941,-13.1665,-12.5651,6.63162,-6.8352,-0.76978,-7.05468,0.762699,-8.6833,-1.51093,2.24012,9.63549,3.25271,7.48028,1.78092,5.73564,2.94387,7.89267
-492.89,-37.0806,-26.5624,32.6292,-43.0727,-7.3786,6.23319,-23.2804,-12.3905,-1.97419,-8.89005,-0.723664,-4.21457,7.04949,1.25459,-3.26548,2.20087,0.585138,-6.84034,8.14658
-348.859,139.148,-3.75291,23.9724,-38.4171,-1.75407,-26.4483,-22.1984,-14.8226,-16.9109,-10.7523,-1.21672,7.93916,6.48095,5.89976,1.42579,2.87163,1.99698,-1.05517,-2.97599
-489.556,-45.1404,-92.0574,-15.6123,-40.9847,-8.392,13.0744,13.2641,19.4601,7.78238,6.90754,2.51398,-11.8665,-6.20317,-7.02141,-2.86817,-4.45194,2.57528,4.86403,5.1598
-565.155,0.211821,-18.191,2.98639,-30.7864,2.06625,-20.9254,-4.29589,-8.79715,-4.35241,2.54744,-7.72006,6.83747,-4.30688,7.03942,3.87617,-5.29845,8.6134,-1.95226,2.71389
-320.874,70.3524,-5.18837,8.62269,-33.1724,5.46662,-17.6285,-4.98963,-1.59543,0.662629,8.45699,-2.3321,6.86701,1.77589,-3.43562,9.47659,1.64718,12.5161,3.35295,7.03215
-593.481,-78.5273,-31.6157,51.39,21.3195,37.637,-15.162,22.6117,9.73908,-4.04554,-0.221942,-6.16418,10.5061,11.681,4.81418,10.3867,2.39798,6.50817,1.24096,8.72784
-390.13,19.1223,-50.5573,45.6272,-60.9561,-17.7285,2.10679,-31.747,-16.8158,-21.3345,-7.00811,-15.3892,-0.677922,8.1605,-3.74008,6.97736,1.43081,-8.66959,-5.65229,4.89861
-451.087,-57.9544,-75.593,-12.0919,-30.9903,-9.44621,-7.78968,-0.0603207,-7.94089,2.75405,1.08825,3.87998,-4.05673,9.15017,1.53513,3.14214,0.931275,1.93676,-2.2609,2.58112
-366.996,115.065,36.7115,39.8503,-34.052,-11.4294,-18.3638,-28.6397,-18.2242,-11.2421,-9.39623,-0.816035,0.765135,7.16846,4.14357,5.0011,2.70408,1.83257,1.04498,0.328633
-448.212,70.5414,-11.2173,12.7855,-1.26025,-4.80454,-11.1147,-5.8416,-6.29979,-1.938,-4.07654,7.16047,6.96472,12.5855,7.81174,9.78769,5.09615,8.89237,2.01787,0.633368
-538.965,82.698,31.0888,27.1741,0.624754,22.3192,14.6239,-1.16122,11.1622,-5.17591,-2.95763,0.221985,-7.0088,1.39339,-5.30662,-2.11595,-3.00452,-2.0859,-1.51754,0.647238
-261.048,108.826,-24.481,9.07709,-45.1332,-4.02023,-15.7906,-22.7328,-22.6308,-2.67168,-13.4188,-3.6877,6.06474,12.0631,9.66331,12.8143,16.2127,8.92114,5.38972,6.67187
-469.307,-36.2946,-40.1649,25.318,-9.99663,20.2152,1.33522,0.254482,6.09779,-0.733252,1.83277,-0.117287,6.92367,1.97488,3.32486,4.02691,0.274696,2.88935,3.04919,-0.619293
-495.808,-99.5984,-19.727,67.2997,-35.3057,2.2846,-1.96999,4.10369,7.00392,-9.99301,-4.29693,15.9011,-11.2249,-0.0398079,6.229,-7.47891,6.48038,-2.39379,-4.10339,9.08338
-331.16,116.191,18.4572,51.3974,-13.2312,26.4993,4.23847,9.65919,1.33185,2.2472,11.5899,13.0825,18.8968,12.6328,7.60712,7.64051,7.51202,8.40661,5.43586,1.07763
-434.582,13.2766,7.75393,22.646,10.3122,20.3671,12.9255,13.1637,-1.04574,10.1166,-0.0440422,5.03282,3.92921,9.87299,4.45229,8.6197,5.24365,5.76456,2.48352,8.01892
-285.953,89.8997,36.1526,65.1255,-41.4874,-26.9299,25.5497,-22.2815,-32.1878,-2.6821,-13.8475,-2.61395,-3.10378,4.57557,11.408,11.3991,3.73151,4.80281,0.403912,1.07079
-554.552,-134.347,-51.7813,46.2534,-4.24604,29.0445,-37.6037,13.4355,0.83503,-10.9132,18.7511,-13.7393,4.427,3.79351,-3.44338,-0.733834,-3.02363,4.34653,-0.819224,2.95958
-569.236,31.7672,-63.1485,-0.119001,-10.0151,-42.2091,-34.3523,-15.3206,-3.16733,-2.83096,-4.03597,7.3047,7.55834,2.65042,4.88588,1.25359,4.43571,5.29144,0.0660493,0.772568
-494.966,103.655,-0.10003,23.0686,-11.5232,9.34957,1.14416,1.53477,-5.01323,-2.8173,-4.22175,0.0506889,-3.96941,-5.3142,1.66465,0.0409014,-4.37726,-2.53356,-0.729195,-3.57369
-449.764,122.454,37.3445,0.776399,0.387502,14.131,6.45583,0.500993,-6.04403,0.27263,-0.645214,5.96917,3.83553,9.0932,4.53385,6.37629,0.477481,3.01366,-0.787239,3.29582
-288.61,128.366,-13.7738,59.5912,-22.4306,-17.1207,-26.329,-22.9032,-24.319,-26.1887,-21.3946,1.18032,3.48432,3.33969,13.2542,1.04599,2.15647,1.40649,-4.38896,-2.98166
-152.004,57.2713,-36.5093,28.0741,-16.2691,31.1504,-13.8855,3.78753,4.96804,-0.481255,6.58302,7.91348,6.11613,4.80677,6.60568,7.30245,2.94695,8.00063,-0.282003,4.00244
-580.021,-190.653,42.0692,51.3496,-41.7029,-7.05415,18.6,9.35024,-28.802,16.5901,4.69699,-8.71179,-1.65938,8.14801,-4.46208,-1.30845,2.32062,-0.220803,-0.87986,0.30411
-461.263,52.8491,-31.2217,14.3446,10.9391,1.88142,-1.60211,-4.3518,9.29466,6.50657,-1.91973,-4.20849,-4.78894,-1.42313,-3.60471,-1.33672,-6.19893,-4.4772,-4.40717,-0.627561
-498.347,-134.575,-71.0932,38.4397,7.40096,17.7215,-6.84212,-9.56257,1.55129,0.0353941,-1.49449,7.6256,-7.67481,2.82207,0.53534,0.910972,-3.4701,3.79702,-3.18061,2.06874
-398.945,9.68853,-19.785,36.0606,4.7402,-8.34368,-21.5333,-9.45916,-2.88012,-20.8596,-2.35092,-5.27814,-13.1839,-1.84538,-7.24005,-6.44357,-6.79882,-2.81562,-6.71121,-3.22184
-354.387,95.1099,17.586,10.4073,-16.2407,-25.4547,-29.2724,-15.7988,-8.81026,4.23823,9.83631,16.2392,9.42433,6.58787,1.60609,3.65234,1.0575,5.48788,3.93485,7.3284
-358.415,69.4742,2.4864,39.1485,-48.2941,-9.78205,-27.5602,-34.6377,-25.0068,-15.3116,-9.40734,-3.54258,-3.60191,12.3762,6.62908,2.22136,-0.158063,1.94213,-3.81733,-0.54834
-494.548,124.281,47.0036,-15.7585,-39.9199,-40.9574,-38.7741,-36.3871,-29.4967,-18.4827,-6.96801,2.27256,7.48584,8.7424,8.50398,8.31623,6.73352,2.96656,-0.537645,-1.81339
-476.968,-19.251,-45.2966,40.1374,-18.4529,12.9996,-0.441633,-4.56182,-13.2122,-0.919878,-5.36644,-4.89966,-2.9632,2.50336,3.45431,-2.43352,0.329376,4.37632,-5.35773,5.30143
-574.831,33.8984,4.37202,27.6688,-37.0554,-13.603,2.43168,-15.5427,-22.0439,-6.7784,-22.6948,-10.1338,-2.91184,-4.62296,3.54101,-5.24664,2.24337,-5.78771,-0.0454253,3.49869
-492.915,-32.6348,-17.1074,28.9561,-5.16019,-10.946,5.20126,1.79268,-0.952796,2.91161,-8.4455,6.91987,-0.0264894,-1.2001,-1.75208,-0.494476,5.06081,-2.55123,-3.7288,3.56533
-514.555,54.4027,12.4362,55.9048,-4.33755,7.79321,7.93924,0.293132,0.14523,5.03798,-2.19102,8.84605,3.25609,9.47754,7.23685,10.2328,5.68196,6.26585,4.4282,5.18912
-433.247,66.7579,-3.03802,28.5639,-12.7852,11.1759,6.89884,-1.99252,9.92956,8.09402,0.147078,7.17476,3.10214,1.80904,3.77108,2.51997,-1.57279,4.72866,0.992148,0.845798
-451.483,11.6239,-18.5376,11.3638,-21.7161,16.8193,-19.0493,-6.79724,-15.0243,-7.19009,-7.82762,-7.23442,-0.454578,-4.68207,2.20351,-7.17468,-0.330549,-3.59181,-2.1603,-1.77415
-512.325,69.3343,17.4699,44.5356,4.17391,6.44775,7.43807,3.8192,-2.11517,5.76247,1.13929,10.3304,6.88206,11.4821,8.58458,10.2955,6.12326,6.2088,2.92435,6.07517
-437.49,72.6424,-13.7608,61.2842,-5.13066,8.78846,12.5457,4.47769,6.39636,6.24954,1.45653,9.98065,5.4502,9.91559,5.74652,9.83836,7.68391,7.81309,3.10103,5.2355
-347.564,-2.98128,2.55661,41.7806,-13.3078,33.1858,-7.13019,11.9799,14.9686,-3.65253,1.19294,8.3234,-6.58616,-3.20585,1.35929,-1.10652,-4.47638,2.39746,-6.44446,0.236587
-443.832,157.936,32.7623,32.0133,1.28741,8.28583,-14.4104,-15.2781,-12.4528,-5.86838,-2.85903,1.25733,9.21298,10.523,12.995,11.5773,2.42903,8.64834,3.81785,-1.79892
-295.217,61.3543,-21.0363,39.5463,-30.1689,2.51837,-24.9651,-24.9124,-16.2024,-8.35922,-7.73288,-1.6372,-1.33657,1.00088,6.9305,3.29005,1.99885,2.50998,-0.294116,-2.39583
-337.244,136.383,-37.1972,-20.635,-50.2003,-47.1605,-33.0443,-48.443,-38.0555,-25.2419,-22.449,-12.7405,-4.8254,-1.7923,-0.793627,-1.57529,0.724224,-2.21822,-1.74428,3.58141
-332.439,151.085,27.8921,8.84602,7.98109,26.9278,-6.32954,6.79237,-0.0588606,11.9009,3.00908,6.35598,4.04861,3.02572,3.35701,2.02871,-1.13578,3.07756,-0.644608,4.55539
-252.313,193.612,-11.8293,-15.4433,-31.2996,-4.41802,-16.5309,-17.4197,-20.3928,-19.2053,-17.5035,-14.118,-3.53339,2.88906,4.54211,1.70856,-0.958246,-3.22688,-0.319447,-1.89398
-316.279,39.8379,55.2471,36.0408,-9.95709,29.4292,-13.438,-3.69134,-14.336,-8.67942,3.22871,9.51557,8.82783,21.6932,15.3357,13.6931,13.8411,5.56021,5.86098,8.77475
-522.374,172.207,-20.821,3.13971,-14.4253,-4.94098,-0.628004,-7.38141,-9.74683,-0.896794,-0.569363,4.43991,2.06446,3.07242,3.59713,7.54199,2.93656,1.00599,1.15516,1.89431
-430.7,71.7024,-1.02964,79.8398,-45.8113,7.50684,-24.0777,-1.89565,-17.1019,-19.579,-8.15224,-5.90281,3.13998,0.702376,12.9407,0.944039,3.56905,-2.90324,0.387224,-1.69287
-353.361,88.9974,9.29041,41.8512,-31.4413,13.322,-0.0621101,-9.58911,-11.15,0.976935,1.60286,8.48217,13.561,5.97111,6.96357,7.67439,11.3969,8.6802,10.0838,1.8327
-445.395,47.9642,30.5507,21.7511,-50.6084,-15.3448,-32.4705,-13.1093,-14.5715,-5.3562,-19.699,-11.8744,-11.3578,-12.8011,-9.87074,-12.0199,-8.43347,-2.94947,-10.3822,-0.80511
-369.585,17.8069,-35.8451,52.1035,-17.5277,14.6197,-7.32915,-9.47926,-17.2265,-1.07273,-4.41809,-9.15667,-3.022,2.98866,-5.1245,-3.63716,-2.48812,-2.67771,-2.21924,1.58838
-370.854,83.8837,-5.45987,-2.31769,-35.9977,0.847172,-12.0917,-0.324178,-1.07171,3.74951,9.70797,-0.793107,3.59257,-0.248647,-3.34393,9.78993,2.47016,13.3745,3.81912,3.91324
-453.083,188.753,9.74093,-5.70565,-33.6805,-24.4943,-6.96507,-17.1805,-11.3304,-8.0412,-13.6591,-2.57441,7.61579,3.63184,-0.695403,-4.31056,-10.2512,-5.96265,-4.77195,-4.60783
-373.822,32.4506,-21.4572,46.636,-33.1336,3.99868,-5.9546,-8.84206,-1.93968,-5.98747,-12.7521,0.746802,0.422908,-8.20862,-6.52904,-6.44725,-0.872402,-1.00417,-4.21977,1.44666
-285.154,145.556,-14.2003,13.0157,-31.142,-31.0601,-17.9559,-32.2066,-36.3526,-28.3432,-18.6777,-12.0741,-4.24955,-4.31788,-1.96498,-1.39965,-2.92976,-4.28096,-6.08146,-3.26837
-252.752,19.845,-17.6448,9.09552,-2.7895,11.6907,5.87226,3.4406,-3.23175,3.06296,-8.31687,3.91526,0.614651,6.34097,3.80656,0.220477,1.49662,3.78545,0.261517,6.60219
-379.149,62.3028,-49.4302,26.458,14.337,15.3772,-12.1079,7.21362,15.3254,9.92991,4.11483,19.1672,6.49641,12.8121,12.0664,15.1329,11.2181,12.7188,8.51586,9.78164
-358.608,67.2031,5.99673,72.4052,5.97119,40.3482,20.409,-7.9306,24.2669,8.7176,14.2872,7.69635,5.25026,8.2088,2.66029,6.82402,5.37368,9.64168,7.05953,1.37208
-434.226,10.8446,-44.9854,55.9342,4.97242,-7.0996,-16.7461,13.026,13.9209,8.73586,15.9026,5.21657,7.6384,2.22006,-7.59685,2.05879,3.16243,5.2335,5.59,4.83044
-339.511,-0.299724,-29.494,71.5486,-8.33363,-8.34651,-18.5719,5.67899,5.50949,0.968179,3.33683,4.29348,5.6903,6.8077,4.80969,3.82964,4.18252,2.71176,0.256357,7.84763
-308.143,73.6956,-53.3828,18.3558,-2.97546,11.2329,-19.8919,-13.3237,-14.9962,-2.79582,-9.09371,-4.92033,-1.05848,3.89684,-3.63058,-1.14958,-3.49164,-0.261737,-3.56182,3.01606
-452.944,41.6481,-30.6072,21.4674,10.4669,-2.97751,-3.35216,11.8865,6.26127,-5.42652,0.60391,1.20533,-5.16896,0.388951,-4.05362,-3.61308,-4.38647,-1.47519,-4.41324,-1.22012
-531.703,150.917,-50.7351,30.1049,-15.6704,3.52758,-17.3533,3.65784,-4.52438,-9.85392,9.69381,-3.53629,6.71989,6.87273,0.420794,1.78702,0.467526,2.12789,-2.42939,0.698945
-180.515,70.1046,-29.5431,31.0906,-25.8519,33.1774,-12.9192,13.3,6.28297,12.7964,13.9335,1.61202,4.11503,5.6829,10.8526,4.06434,2.64005,6.40949,-0.936809,2.97696
-331.108,91.1704,33.426,44.3307,-29.6171,25.998,-8.24741,8.53004,6.08054,-5.284,-2.96151,6.11844,5.68472,12.9053,7.66271,10.7219,6.62154,9.5828,-3.99836,12.2455
-363.623,75.6384,-19.455,16.9804,-37.457,17.9327,-7.59213,8.72971,-6.36969,7.60296,-4.06936,1.70306,-3.35996,-2.28736,1.69214,-2.02358,-3.56577,1.56693,-5.5638,1.72573
-498.231,81.4353,29.4083,2.28041,-34.5653,20.8035,3.7876,-1.18195,17.6523,-15.6553,4.6861,-1.41274,-3.98432,0.730664,-8.70611,-4.09485,-1.40516,-4.21319,-3.17696,-0.812411
-421.355,2.64468,-33.5202,15.5404,-7.60315,-19.9981,-9.70436,-5.52981,-13.2866,-10.432,-7.32554,-5.13287,1.56561,-0.299787,4.60414,2.96959,1.97802,2.88472,1.91874,3.41208
-404.503,51.5846,2.41522,10.6116,3.39389,0.879806,-5.07351,8.7386,-8.662,7.80067,-2.78474,-0.226411,3.61347,-4.11475,3.23185,-1.12107,-0.794482,3.53549,-2.13505,3.98196
-214.022,72.9287,2.00919,28.4547,-19.8592,10.5363,-13.1154,-25.5145,-28.1856,-6.42065,-8.68926,-1.51674,-0.93286,-0.734737,1.69788,6.21392,1.20272,-3.38845,-0.557639,2.55924
-482.96,19.937,-19.6496,13.9912,-26.7638,10.2601,-12.239,-5.20988,-12.6315,4.17029,-10.7111,-2.82761,-3.96933,3.73426,-4.84189,1.03406,-4.36092,-3.12194,-2.63983,-1.04673
-492.214,-14.7166,-31.8903,-3.49852,-29.5574,3.15411,-17.6135,-5.32863,0.806007,-12.9222,3.63062,-3.3007,-2.47294,-0.833636,-1.76047,-1.43136,0.397682,-0.397966,-1.26183,1.54726
-394.563,18.6204,-39.445,33.6718,-54.0172,-2.8116,-1.485,-31.6433,-13.2978,-8.48209,-17.8564,-4.02386,-4.90049,1.98331,-3.69097,1.34188,-0.489738,-8.13289,1.04773,1.35988
-253.988,154.593,-20.2562,19.0103,-17.4592,-10.6572,-19.5248,-22.6267,-21.8293,-22.1547,-12.583,-9.38001,-1.87664,4.28002,6.13159,0.0816286,-4.68105,-3.23108,-3.92108,-3.65615
-343.889,88.2759,-25.4143,30.6852,-7.10728,12.7754,-10.5916,-1.5599,-13.5675,-3.85784,-8.25368,-2.84156,-0.113959,8.15333,0.836907,-0.149244,-6.19328,0.531684,-5.03962,1.96771
-420.053,-1.16659,-70.4666,-21.3584,-18.9412,-23.1018,-21.3723,1.18344,-3.75088,-6.58011,-6.88179,3.20512,-4.92207,1.67885,0.405754,4.67446,0.454897,2.40709,1.58371,1.57787
-275.248,13.6223,-51.7489,22.4195,-38.747,2.86365,-1.9444,12.7209,5.2836,11.9919,3.84075,13.5137,0.250229,2.60397,1.97229,4.86367,2.37699,8.09905,1.12117,8.37316
-212.85,120.216,-44.2056,22.2602,-20.5013,0.707089,-23.1599,-10.5676,-20.6079,-12.5653,-15.3461,-7.08318,-5.55239,2.49689,-2.75933,1.95033,-2.93936,-4.64005,-3.75591,0.160757
-324.301,151.007,18.4155,-5.4529,-23.169,-10.2107,-18.946,-25.363,-26.6095,-21.8603,-18.8003,-11.5712,0.612491,7.28577,8.13912,6.03583,2.49982,-0.486969,-1.12154,-0.791687
-391.726,-8.5529,-98.0909,-9.35079,-44.1888,-13.2988,-9.90989,3.29558,12.1377,18.2123,9.71398,10.0212,-0.949568,1.07116,-4.36001,-8.24719,-2.2804,-7.04158,2.17243,-0.840468
-438.339,-4.54456,10.2075,39.2169,-10.2049,-2.51673,5.7531,-2.29604,-10.4417,9.60225,-5.1581,-4.26248,-2.89148,-0.981909,0.00349228,-7.10707,4.39497,-2.15625,-5.81378,2.84524
-384.98,128.394,23.8556,49.2478,4.78187,7.54513,1.249,-2.764,4.08141,3.73535,2.26046,4.16685,-2.12023,4.4642,-2.05546,3.07533,-0.393959,1.90126,-2.86764,1.394
-458.49,72.2533,14.6378,5.86205,-8.23589,7.86314,16.386,5.62656,3.82695,-0.756951,-6.01045,1.89051,4.82157,8.59087,11.1069,5.7569,4.17282,6.79957,4.9589,4.94018
-357.045,137.503,38.92,24.7612,7.43691,10.8206,-5.76724,11.6442,4.86241,7.19581,-3.62194,5.82206,1.29709,7.14415,0.951003,2.56632,-2.5537,1.13837,-0.571404,2.73012
-258.203,108.492,5.25261,16.7503,10.0924,4.29142,14.8476,12.0091,10.507,8.35553,5.82783,4.2094,6.95529,12.1184,6.91982,7.20749,6.94356,8.38811,4.52114,6.70465
-335.499,113.935,-29.5021,46.8695,-35.7527,6.8501,-16.2736,-9.15149,-19.7074,-6.22677,-15.8724,-2.66908,2.85069,1.99206,2.56172,5.30574,0.0772498,5.01439,4.36938,2.26611
-568.404,-42.4048,30.9743,-14.3209,0.46684,10.8361,-15.247,17.0587,-14.5904,12.7766,-9.27424,7.84081,-5.24059,4.59132,-2.37919,1.55928,1.10415,-2.20702,4.38519,-4.16013
-629.952,-55.4027,-3.64481,25.0168,-3.08442,-10.6151,0.337024,11.2657,-2.81332,-5.10851,0.233271,9.85205,-7.20153,2.04915,-2.66729,8.26119,-4.86187,-1.38509,3.98964,1.00238
-590.98,21.5448,-1.98427,19.5277,-8.13008,19.8659,2.68895,12.1698,6.05931,5.52076,-3.28718,4.16648,-4.35156,3.57507,-4.13369,-0.699237,-4.10214,0.634892,-1.07296,1.06511
-482.23,147.182,4.84879,14.1123,0.605644,10.7093,-2.77749,-5.10612,-10.7199,-11.0862,-6.5785,0.370854,6.27321,13.5912,10.6241,8.63833,2.59478,3.32533,-3.00665,1.11911
-416.844,132.405,0.653362,26.7567,-11.3313,5.19339,1.45989,-1.0712,-7.21649,-1.33732,0.725115,-1.71441,9.24695,6.07308,13.6181,13.1656,14.2204,12.3207,9.56318,5.67886
-584.607,78.9119,13.0342,29.5553,10.4982,15.3519,9.3466,4.13714,1.23134,6.59335,1.52141,4.36186,0.530138,6.09095,-0.938294,4.35324,0.771567,2.37734,1.24484,5.9042
-453.467,20.8636,-21.6419,54.3623,7.24352,11.6804,-20.6884,11.9851,1.93024,6.46608,-13.6336,4.79661,-0.372563,-9.84428,9.78125,-10.9102,-2.58976,3.99343,-3.91011,-2.93488
-367.453,82.4492,-34.6453,5.4352,-30.7333,-8.49292,-23.9125,-12.1353,-19.0635,-9.03957,-10.3492,-0.803133,-1.85824,6.84796,-1.45661,3.97202,-4.86082,-3.17745,-9.4842,-5.16714
-428.024,29.0791,-10.4761,25.6579,-0.969396,3.72413,-1.40963,-4.72446,1.41658,-0.223764,-5.76614,2.33796,-3.04288,-0.331698,5.13863,-2.05818,-2.46661,3.44697,-1.28685,1.88812
-169.142,82.6919,-1.60151,-8.05415,-32.5655,5.46016,-10.5483,-8.11175,-10.5552,-5.55147,-11.0895,-3.60921,-4.36296,-0.752616,-0.50002,1.47169,-1.8744,2.35892,-3.66831,1.78032
-637.972,-12.3459,-105.746,36.421,54.7965,4.84627,-29.4176,-8.79962,14.6507,2.54479,-9.09824,-7.29802,-5.94584,-2.30223,3.39415,-2.06882,-6.19359,-5.02298,0.420763,3.30583
-330.195,83.994,-5.18437,-0.239085,-19.5409,4.00319,-18.991,-2.38317,0.28048,3.02906,9.03437,-0.817271,3.37634,0.401419,-3.76031,6.9299,1.16191,10.1862,-0.744437,6.03395
-545.014,118.232,19.4385,-13.516,-16.6441,15.8266,7.22959,4.74141,4.93302,-3.97153,-0.427502,-1.09445,-4.43116,-1.22362,-7.75211,-4.33988,-5.73083,-1.12882,-3.79138,-1.62776
-548.211,-19.9214,-40.4076,-12.1356,-29.1423,18.5339,-31.7664,9.70596,-6.18668,-1.79519,15.9124,-1.89092,0.656898,-6.10894,-5.95007,-4.91358,-4.8729,-1.7775,-5.61526,2.2806
-527.53,-3.71727,4.86206,41.0672,-17.1845,10.3593,17.4979,-10.5137,6.43939,3.88351,-5.78315,3.34323,0.896791,-4.23891,0.0985553,0.408796,-4.45982,2.40103,1.82067,-2.8828
-591.677,27.4265,-2.05572,25.4961,-13.8518,3.96778,0.904593,-10.9083,5.71759,-0.754084,-4.10847,0.562548,4.42112,-1.45069,-3.92507,7.63813,-4.00292,-3.25189,10.8215,-8.46587
-628.149,-150.391,75.395,3.7947,-50.4292,51.1002,-20.4774,-12.7831,26.4499,-17.3148,-1.48063,13.6926,-12.3717,2.56103,5.59755,-6.06929,0.770769,3.91744,-3.66729,-0.313241
-535.167,120.917,24.3232,27.6919,18.9009,9.39213,-5.26222,-15.2848,-16.2798,-6.34955,-10.2722,-6.71908,3.69715,8.7233,5.40944,3.56277,1.71317,0.225107,-1.17988,-1.84453
-174.769,97.811,-13.0319,25.8065,-5.78838,13.7848,-16.8418,-10.6132,-14.4286,-4.4877,-8.63454,-3.7095,-3.50906,3.90366,-2.04589,0.500442,-1.75442,2.12304,-2.93396,3.80659
-395.269,176.384,37.7242,11.9957,-2.52021,6.97088,-12.5795,-18.1364,-7.42675,-1.54954,-3.32596,4.57759,12.7799,15.4574,11.4328,6.00245,4.34432,6.15408,2.59986,-0.762281
-478.056,100.748,8.00637,29.6171,14.9417,21.3667,-0.207031,12.1789,20.5738,9.66728,1.74943,7.98516,8.16457,8.45921,2.88841,5.59103,3.72106,4.05513,3.05482,3.52258
-399.627,113.023,0.327329,22.405,-13.9055,-16.4798,-15.2666,-39.8671,-35.9356,-24.7161,-20.8242,-19.9926,-7.26048,0.0918552,-1.12815,-3.36801,-5.02269,0.449012,-6.17521,-6.30043
-227.481,21.6062,-33.2204,16.7128,-15.5295,4.91458,-15.8867,-17.5345,-19.1816,-11.543,-13.998,-8.6364,-9.88543,0.760312,-5.17409,-3.71615,-7.68319,-0.529821,-6.12585,-1.58303
-414.809,130.195,33.963,6.89791,-12.68,-9.6292,-26.9699,-26.6509,-17.5283,-16.8025,-6.22928,13.538,13.7693,12.6555,6.78594,4.30273,-1.57915,-2.94608,-7.6586,-5.04055
-436.804,-36.4098,-55.6834,31.6406,0.295684,22.4908,-7.67797,-7.4347,-13.5036,-0.480896,-9.88206,3.08622,-1.25377,7.15243,3.68511,-1.76245,1.15059,2.60246,-1.92564,6.46308
-498.538,68.2046,11.3714,56.7087,6.35913,-3.93641,3.99091,-4.66482,-11.4704,6.05868,-2.64873,6.42417,9.35114,11.8137,11.3785,13.9116,7.72844,8.65111,3.38262,4.76573
-280.206,82.5799,-5.82617,55.0225,-10.358,-12.5312,17.5533,-4.79467,-5.49472,17.2768,-16.3766,5.74955,10.3769,8.38976,12.2308,5.73115,12.9126,5.51763,4.34545,3.09011
-490.133,33.6224,-1.49204,22.9923,-42.2752,-19.4611,0.415215,-16.5471,-5.06429,-3.73093,-15.6573,-1.64874,-4.89587,-12.17,-4.9989,-5.06375,-3.31596,0.225458,-3.90115,-1.06603
-391.559,61.4151,-46.199,38.6021,18.3894,-18.2808,-31.4631,-9.95508,-11.8371,-13.9948,-14.5886,-0.36918,-0.201422,12.6224,5.7316,6.67525,2.24536,4.48102,-1.70081,-7.82416
-417.46,81.8704,-2.71412,40.8396,-2.1243,8.28955,24.0837,10.1987,4.68701,15.4647,1.27147,13.3842,17.229,7.41128,17.2759,18.8317,4.95642,15.6652,14.0245,6.62403
-342.391,57.3878,-31.1497,14.2222,-3.35285,-7.16121,-9.10968,7.62198,-5.96992,4.07913,-3.9352,4.7293,-1.81715,5.45717,0.692715,3.94096,-1.43878,3.76504,1.24642,-0.433695
-501.828,23.7538,-20.3206,27.2063,-39.1844,-7.09899,-10.5656,-4.50069,-15.0808,5.79162,-5.45852,7.67624,6.43195,2.41917,6.90921,0.0220699,1.26246,-0.748001,1.99819,-1.3748
-568.667,-38.0574,-38.3207,1.3441,-7.59849,-6.718,9.67649,7.20475,2.54648,6.89393,7.36146,6.90518,6.78776,5.6658,4.53639,8.49261,-5.1983,7.66125,-2.88532,4.80295
-466.265,-48.2382,-87.4925,38.9013,25.2545,-4.71258,-6.15105,-3.77515,-1.92748,3.84303,0.606789,0.908283,-3.00791,3.13531,1.03643,-6.56518,3.3953,3.53064,-6.01414,5.14046
-522.414,59.7983,4.88097,49.2002,5.18556,4.21181,11.8551,5.96889,0.192205,9.23376,4.83093,11.6177,4.58573,9.12652,7.68365,8.71972,6.53313,7.86916,3.31357,5.42464
-476.325,38.0941,-15.3098,13.4402,-9.26696,-13.2742,-9.31997,2.87655,2.56539,-19.5189,-8.62045,0.458337,-4.84635,-7.33285,-4.70263,4.31056,-5.02678,-3.88113,-1.16312,-1.81641
-500.297,5.20451,-44.2746,-4.21134,-28.7584,-17.196,-13.1172,-11.3423,-15.4571,-8.04397,-10.4924,-4.12917,-8.73521,-7.61781,-2.54785,-5.38417,-6.32111,-2.21572,-2.25287,-4.74903
-286.246,63.1384,7.33156,24.6313,-11.7966,-16.2623,-21.7211,-20.1775,-17.3008,-18.5855,-8.26025,-8.98085,-6.03846,0.755691,-3.05177,3.86711,-5.10873,4.90812,-2.64384,2.32978
-367.746,61.4417,8.79488,9.88204,-0.0583177,13.9421,1.66552,11.9194,8.7438,0.6414,2.87569,9.20334,5.81122,6.52464,4.26384,5.94401,-0.429811,6.44771,2.97449,6.12624
-511.334,-30.2073,-47.3255,25.2839,-36.2104,6.61323,-0.871084,-8.15798,-8.97205,2.2516,-2.20785,-0.317157,-3.05882,5.71657,5.45028,-3.05864,3.47782,-0.0390741,2.15614,-1.85932
-489.071,0.215012,-44.4312,-34.2051,-25.246,6.27822,-9.29677,1.43441,14.0595,7.81372,-5.59359,15.0966,-12.2497,6.47185,-2.85954,-9.72699,8.22363,-6.10095,3.96484,4.09159
-360.156,125.767,-7.89213,-1.89614,-47.3578,-11.9093,-22.1603,-26.6553,-32.4261,-17.4538,-19.142,-14.2472,-3.30942,4.53599,2.877,2.08789,2.76554,0.102864,-0.865372,-0.477792
-849.152,-34.6881,28.4444,-9.65381,0.118236,14.6412,-14.9698,19.3094,-11.8699,12.4661,-4.73362,6.69514,-0.515009,3.49358,2.29951,0.767337,4.47401,-0.316977,3.9846,1.30185
-496.4,21.093,19.0891,36.5929,-29.9428,-5.78755,-28.1933,-27.4648,-9.39021,-24.3573,-11.5124,-2.94682,4.19046,-2.2161,0.794594,5.41758,-0.90263,-0.76261,0.511479,-0.462354
-346.999,60.1155,-28.1068,3.33616,-20.2026,-5.57931,-13.8596,-11.2412,-12.6187,-1.46181,-10.3629,-4.16756,-9.08044,0.79163,-5.92285,-2.71552,-5.1151,0.101663,-5.41149,0.129407
-390.462,47.4717,19.7352,48.317,-45.6935,-0.671564,-27.9945,-41.0703,-31.689,-17.0237,-8.87867,10.2205,12.3853,16.1396,11.2967,14.0331,7.75678,3.28853,-2.53236,-2.89475
-494.609,21.3566,-51.9826,-14.3074,-53.2308,-26.956,-14.8147,-13.5308,-18.8079,-8.00192,-13.6719,-9.6133,-11.5041,-3.00129,-9.25991,-4.87667,-1.79382,-1.86856,0.0072655,-0.849058
-376.168,83.9137,15.8616,17.0349,-4.48323,-18.1259,-24.9501,-10.8332,-6.56693,0.574096,1.21445,10.5328,7.39215,5.0531,-0.96867,4.41773,0.294335,1.80363,1.35126,6.45003
-406.907,85.5856,-23.6304,18.1434,-17.4843,-0.495946,-11.0549,-4.70766,-5.10514,3.22694,-4.70424,2.85878,-3.83895,4.04315,1.34179,2.93422,0.0509554,4.85358,-1.3084,2.34932
-478.27,48.819,10.4698,25.7446,4.10122,20.197,-6.84106,-0.124422,-13.0873,-3.34748,-18.4903,-6.55679,-11.3263,-5.13077,-1.25453,-5.12352,-3.96457,-1.50798,-4.95442,-0.885194
-1127.17,5.78795,5.48905,5.25779,5.14941,5.12328,5.09509,5.05093,5.01565,4.99446,4.99299,4.98941,4.96267,4.92549,4.89805,4.88631,4.88329,4.85636,4.83371,4.83349
-604.377,-44.6652,23.6477,-0.424566,-15.5406,20.7166,-17.7294,11.7876,-6.84174,4.10185,-2.94236,2.48053,-2.30066,2.17454,-1.68673,0.477478,1.20338,-2.47874,2.59454,-1.68241
-279.623,74.7764,-98.4738,43.1716,-49.1822,4.99608,-47.2827,3.22943,-37.9724,-2.82383,-19.7468,-1.80211,-4.20905,0.154424,11.4581,1.57287,12.5343,2.04015,14.4645,3.2954
-381.246,116.099,4.94852,1.9442,-19.0355,23.9036,-10.9273,-2.6369,-1.91068,0.601837,-2.14139,-2.8489,-4.64582,1.92092,-4.04369,2.56758,-2.73041,4.49887,1.07647,1.2047
-266.995,20.4227,-23.0225,28.1984,1.34044,23.3702,9.78645,13.175,3.34316,9.41555,-2.41727,7.21731,3.09356,8.85343,3.85764,6.63261,4.59025,5.41437,3.90182,8.60727
-416.783,105.379,8.69691,14.2168,-23.5599,-0.0755059,-13.8595,-10.1418,-8.23746,-4.26747,-7.02682,5.54722,2.81339,5.71552,0.0822413,1.83971,-6.27343,-1.24637,-7.82693,-4.81189
-286.724,65.5373,0.22102,17.8567,-1.25399,2.36638,-0.110609,2.36891,-6.83729,9.20397,-12.3907,4.19012,-4.46512,4.01199,-2.87815,-0.44354,1.42038,-3.35977,1.38023,-3.39259
-318.024,80.5243,9.26721,24.0397,9.5513,9.12597,15.8918,7.9667,11.0989,11.0989,1.36521,3.93713,6.70108,5.8797,4.33595,6.29279,5.37346,5.57461,0.686972,5.80549
-607.374,-70.0367,-46.9783,54.6057,-14.7248,2.52187,3.82766,-7.73048,-4.41048,9.5377,0.777249,-7.61735,6.48921,-1.57927,-4.10124,4.25161,-1.49857,1.55035,-0.125808,-2.6024
-521.236,-126.8,-86.1156,-0.90399,-24.9895,7.73628,-8.35425,19.0765,13.6066,5.60365,4.23093,-2.89621,-15.606,10.6453,-11.1868,-1.49751,2.11241,-1.72464,8.90463,-0.0773407
-498.37,60.6243,-16.8876,5.64212,-16.0097,-10.3795,-19.1922,-4.82759,-5.39917,-3.94322,-5.34205,-0.888663,-7.91657,-3.75803,-2.02316,-1.54863,-4.18636,1.01189,-0.460975,0.791779
-523.955,-78.4546,1.75539,35.4435,-26.6923,8.67358,3.55873,-1.2639,-2.34472,7.51126,-8.16603,6.53971,-2.42542,3.94391,-2.0187,2.43803,-2.15229,1.58425,3.25106,-2.84123
-386.906,62.1576,8.63334,33.0183,3.93767,17.9393,-3.16716,11.3812,11.0496,3.25347,5.82449,10.4578,1.18908,6.58117,3.18473,2.39991,3.31945,5.47523,-0.0659921,4.16972
-553.558,-102.667,-30.5146,67.5991,-13.0832,-21.8555,1.86867,15.5424,-2.52143,-6.85424,-4.84416,12.8274,-3.09277,-6.92213,5.07456,-0.142954,-0.188127,-0.0722888,-1.45024,1.58596
-506.415,64.7397,16.5372,44.8672,-7.90592,7.34553,10.1085,-3.96871,-0.522298,10.0422,-1.07756,10.2106,8.20115,9.28593,8.61238,11.2724,6.20829,6.59291,1.05956,4.09349
-410.771,75.6669,7.71132,33.6562,-1.33946,-0.0939639,-6.63852,1.60804,-11.3101,-9.00291,-7.91363,-8.55419,-6.15808,-10.2102,-9.26395,-6.80273,-7.35975,-8.57163,-6.16818,-4.70022
-391.076,119.792,-6.08284,-4.74024,-9.05354,7.3183,2.59649,6.69744,1.35396,-0.165902,-1.73529,0.241684,-2.25086,1.04139,-1.55021,1.29596,-3.36468,0.13656,-0.440894,5.10595
-190.64,2.26676,1.58217,-14.3034,-8.25507,5.61542,1.58058,6.16878,-4.2272,-0.509478,-9.23631,-2.64907,-5.92398,2.31567,0.723436,2.42029,0.263536,1.9606,-2.94847,-1.07181
-389.867,65.4926,-32.0409,6.38997,-1.72328,12.3745,-8.42311,0.549139,-3.31912,1.07618,-6.50247,-4.04612,-7.80327,-1.77634,-5.09292,-4.17905,-5.71123,-5.26769,-3.94887,-1.15944
-382.266,108.188,32.5676,52.4362,4.4481,19.6827,-10.7398,-15.0571,-3.43732,-7.0716,-7.94803,10.3784,11.1869,14.1773,13.8707,12.5152,8.31393,7.06236,4.01641,0.23006
-521.699,-49.9982,-13.5481,51.4021,-40.2529,5.24272,18.461,-20.1357,9.69167,2.21876,-10.3708,11.2736,-4.96048,-2.06393,3.22644,-0.0473429,-1.2857,-0.493837,1.27105,0.528556
-426.316,18.7228,-81.8113,-25.7208,-35.9279,-12.8908,-29.7703,-17.2417,-19.0785,-14.1301,-17.1921,-5.93984,-6.74724,-2.53459,-5.04329,-2.87697,-2.99357,3.03471,-1.13086,1.6839
-236.422,59.7166,1.10131,8.99388,-22.0438,-24.9932,-39.4923,-23.6412,-45.2879,-14.5563,-24.5835,-8.75556,-0.237843,1.72698,7.95012,0.258319,5.3289,-0.958417,-0.614278,-2.31382
-357.897,-38.6521,-15.3915,6.609,-36.9284,-4.87881,-23.7548,-13.7142,-24.4401,1.3231,-28.8472,7.69368,-13.0081,8.87006,-11.8056,2.23756,-7.94679,0.0645272,-8.34033,-1.41953
-399.156,-35.2966,-52.208,28.5058,10.1384,24.7666,-22.3905,20.6793,7.85777,6.12276,10.3229,-5.70873,10.3593,-8.94061,2.41903,-1.21481,8.90572,9.44732,-1.05337,10.8122
-404.497,81.7266,3.59357,-6.44853,-18.2859,6.33874,-14.6284,-0.693564,-6.44426,-3.67723,4.63107,-2.2026,5.65856,2.59299,2.69744,9.6256,3.47956,11.2898,2.10625,7.34933
-275,80.3079,-2.67858,1.31143,-13.1432,6.65956,-3.40111,-3.81934,-13.4372,-8.09229,-10.5815,-8.30437,-8.99981,-9.72508,-8.12745,-7.91132,-8.20611,-5.26752,-9.11258,-1.28125
-449.43,90.5627,6.58911,41.8674,-14.3983,6.87977,2.92676,-7.82924,1.05504,1.12447,0.122499,10.411,6.59701,16.2177,8.78165,10.9122,7.23626,5.82028,2.44337,3.12404
-551.166,99.0779,23.9556,41.5127,-10.7435,-5.1984,-8.5891,-22.7264,-17.7928,-3.56608,1.3403,4.92061,5.32826,10.2666,6.71207,8.48794,1.68913,1.19047,0.796419,-0.804389
-464.359,-8.30138,-60.9727,-0.450789,-53.5879,-9.70056,-29.6908,-19.3429,-25.4307,-8.58082,-12.4296,-2.17842,-2.75171,3.62466,-2.39112,-1.33113,-1.9106,0.819456,0.398887,3.46252
-482.856,-104.45,-100.018,-29.6835,-46.8505,0.981801,10.9963,8.21641,7.41103,-0.117747,3.28635,7.85674,-1.22247,6.4849,-0.612036,-2.05246,-4.58885,5.01422,-6.29698,-2.7091
-504.39,-130.548,-115.705,91.1335,13.9957,20.0046,-43.1114,-4.3859,-7.48211,7.50254,-12.4482,-2.13662,-2.07293,-1.15982,4.25821,-1.47783,0.0118482,0.637038,1.91123,0.282201
-428.994,88.1127,-11.4844,-5.76877,-11.9915,15.9837,-5.50625,17.6666,1.03363,18.3667,-4.55962,8.71897,4.14734,-1.11044,7.37279,-7.31185,4.86645,-7.04091,1.41277,-1.61532
-408.583,98.9441,-3.65245,31.1236,-21.4494,14.5938,-9.09078,-8.99936,-17.4167,-6.67802,-10.0444,0.2567,1.3771,13.8602,5.9706,5.7286,1.74827,4.79936,-3.03151,2.09343
-408.344,13.9575,-52.0231,39.5369,2.25634,-12.2113,-9.5932,3.69383,6.27865,5.3532,0.252705,0.849988,-0.516992,2.33693,-2.62346,3.78789,-1.93856,1.1078,-0.717937,-0.86478
-388.678,22.9233,-26.3831,60.64,-28.5823,-12.1275,-17.739,-13.295,-27.0479,-16.615,-16.1314,-17.6758,-0.557924,4.29779,2.02316,-8.28946,1.36347,-9.02654,-2.56411,0.241185
-527.728,78.584,51.0886,14.8422,-21.3729,-48.762,-61.8463,-59.7608,-45.8155,-25.9899,-6.55041,7.82482,15.2337,16.403,13.7905,10.1727,7.55695,6.60435,6.81252,7.1024
-584.384,119.98,-10.0404,-18.1358,-20.5394,-30.9627,-34.0319,-43.5645,-36.327,-27.9567,-20.5677,-21.7771,-10.3217,-5.11279,-4.58119,-1.65946,-4.71902,-2.44284,-6.56726,-3.18836
-174.054,89.5137,-29.1069,12.6173,-41.5657,-9.00862,-16.3442,-9.96123,-22.5063,-11.2572,-13.1663,-11.3914,-7.80599,2.5556,-5.68229,-2.02001,-2.96197,-1.07321,-3.47852,3.70835
-424.493,97.5998,-32.3332,37.023,15.3112,10.0546,-7.47596,16.3112,14.3422,-0.128398,2.57588,8.61294,-1.35653,-14.3462,3.33053,-2.18488,1.82689,4.38519,-3.86504,-7.15507
-304.885,91.3572,-9.25461,37.7037,-37.707,20.9191,-13.9515,-9.34832,-2.96732,-6.9179,-4.0219,5.13886,3.41063,8.04356,14.1608,12.6833,7.59841,10.0496,0.52866,4.9353
-341.267,-1.42945,-46.6541,28.0095,-39.9212,-41.6559,-18.5416,-19.7384,-22.824,-7.94082,-20.3139,-8.11808,-4.27513,-5.02853,0.0612023,4.51598,-5.26017,0.0767573,1.11517,-3.28457
-423.916,40.1389,-22.1142,25.709,9.00782,-8.26007,-1.5354,-2.28819,1.39351,-4.53483,-3.2012,-7.65567,-4.87051,-4.1277,-3.72054,-3.85551,-7.52874,-1.62999,-3.72695,-3.16026
-730.337,12.0967,-3.90848,2.00472,-3.54534,0.802843,-3.67955,0.463493,-3.44079,1.20098,-2.50506,1.71454,-2.01576,1.96021,-1.96153,1.91122,-1.81204,2.26247,-1.97098,1.80853
-477.393,76.0909,-25.7258,17.7101,-7.53181,-0.729121,-3.10917,2.32961,2.42319,4.70169,-1.88828,-5.2059,-0.972232,-3.7585,-7.811,0.239755,-2.30632,-4.52525,-4.12349,-1.03651
-506.056,53.5991,2.19921,13.7555,-2.81388,-13.628,-18.3419,-12.2611,-9.90325,-5.39532,-5.70543,8.53865,6.76339,7.82543,5.36125,7.16733,-0.964241,1.29987,-3.71373,-0.870206
-369.617,174.02,80.6997,5.93843,-14.7611,-0.350627,11.6961,7.78801,0.347969,1.01366,6.35806,8.56602,7.91529,8.87211,10.7626,9.1598,4.14987,0.890061,1.85337,3.40495
-342.193,51.59,-23.4886,0.0603771,-4.13113,6.37954,-5.57803,-2.50494,-11.7134,0.351839,-4.55109,-0.216574,-3.24525,4.12643,-0.39661,3.04779,-4.16887,-0.951154,-4.3039,0.893824
-198.047,91.6353,6.75836,8.92621,-33.2911,-0.952022,-9.39726,-10.1998,-6.97431,-5.13061,-7.18125,3.3753,-0.0768633,13.3901,6.42529,4.77592,7.93487,4.18399,-4.38447,6.76794
-333.701,62.3623,9.14634,-7.09339,1.92911,1.49522,-9.51009,-6.71613,-2.86294,5.40049,-4.83712,6.25059,8.75153,9.2404,6.60962,9.644,-0.322059,4.47046,-1.17461,-1.49921
-496.381,66.7891,15.7034,44.1372,-15.0169,5.46867,13.3864,-6.69993,-3.58921,4.2215,-10.6183,0.674943,5.13162,7.17417,5.06492,7.44973,1.74306,1.98805,1.69881,7.65603
-504.247,-1.32656,-35.3809,68.253,-32.0615,-6.99664,11.915,-20.5879,-9.50961,-6.11479,-13.4746,-12.8069,1.4045,2.5881,-2.4948,-0.618623,8.4808,-9.2738,-1.89181,1.53516
-316.575,160.507,22.4717,-4.90782,-20.9006,-8.32918,-19.43,-21.7664,-24.2508,-20.3184,-16.8788,-9.05278,0.245925,5.3556,6.2167,4.45578,0.956659,-1.26206,-2.54387,-2.07286
-243.176,46.2365,-9.62664,23.3335,-20.8111,-22.968,-42.8488,-32.8498,-39.4241,-17.2081,-16.9294,-3.39226,-3.63741,4.58199,3.17639,2.06469,2.58323,-0.17235,0.0777523,0.162964
-457.652,20.223,25.552,6.04971,-5.1107,-2.85029,-15.1551,5.91465,-13.8192,7.90496,-10.8589,0.246153,-13.5573,-2.94112,-9.72007,-3.76717,-6.59766,-0.732382,-7.3767,-2.59823
-132.206,102.705,-16.5299,1.33097,-1.48448,-1.83229,-8.71506,-2.76183,-9.38065,-4.0683,-5.09165,-0.337477,-1.18188,2.7459,-0.948279,3.69665,-2.26577,0.27283,-6.08485,-2.09451
-442.13,24.4197,-22.737,18.2956,1.30865,32.3557,13.4841,8.61436,5.36209,4.19442,2.08925,3.30847,6.28508,9.50204,8.08777,6.63964,1.40432,6.52807,5.44964,-1.85688
-361.235,117.126,38.1034,14.2981,-14.2183,-2.98638,-29.2386,-20.3665,-19.1997,-6.63435,-5.91409,6.04477,4.79668,8.1348,2.23919,3.39368,-2.01409,-0.803365,-2.6996,-0.264884
-382.285,137.324,8.2162,41.3105,-30.1364,-3.92466,-20.7251,-23.705,-19.9071,-15.9407,-11.122,-8.11305,8.8611,3.40681,8.61017,6.34775,5.1119,3.28058,3.89737,1.28142
-185.488,137.935,29.9206,2.34597,-0.456193,13.736,5.07549,3.82606,1.73575,7.69408,5.40909,7.28912,9.14322,10.0533,7.38455,4.919,-0.51638,5.38538,4.73101,2.66099
-465.998,-10.8741,-50.3487,50.5442,-2.7129,-2.03415,5.04867,-11.1549,-11.1959,7.07225,-14.4476,-1.41723,-6.75602,-3.07597,-3.28381,-7.76808,-2.9946,-0.705069,-7.22185,-1.75345
-350.697,154.146,52.6535,29.1257,-13.0477,6.88401,3.48986,-1.94963,3.8707,0.767554,8.95047,9.99761,10.911,11.1146,7.54765,9.30063,9.64287,6.48958,6.60889,5.64218
-477.635,131.337,-12.9395,16.2625,-10.8073,13.454,-4.60545,-10.9893,-17.869,-10.9299,-11.7055,-4.12132,-3.52108,3.72013,1.22056,3.7935,-2.00687,-2.20625,-4.52826,2.41016
-235.942,86.3583,-12.3166,70.9589,-24.1633,0.273226,-30.2867,-14.7049,3.26284,-5.43078,-5.36006,0.629778,16.4215,8.05196,5.15743,4.88454,-3.18146,2.0482,-10.6801,-2.06239
-497.166,65.0472,2.76375,29.2869,-5.69418,-5.30449,-7.52929,-2.1388,-2.11139,-4.56541,-3.19612,-1.14308,-7.50942,-3.78727,-3.34078,-4.21884,-2.09231,3.76971,-1.41636,5.29033
-511.334,-30.2073,-47.3255,25.2839,-36.2104,6.61323,-0.871084,-8.15798,-8.97205,2.2516,-2.20785,-0.317157,-3.05882,5.71657,5.45028,-3.05864,3.47782,-0.0390741,2.15614,-1.85932
-354.249,166.562,22.1603,39.4682,11.0182,18.7777,12.2176,-0.751281,11.682,0.918007,7.21967,14.7672,12.5464,18.8594,19.225,8.39848,-0.25658,6.76844,7.63496,-2.13112
-527.273,76.955,27.1199,35.3168,14.8703,8.73913,-0.433722,6.7542,-1.53206,5.35381,4.95354,12.0445,9.97766,13.412,10.7628,12.4921,5.72826,6.46277,2.30841,2.586
-465.576,99.4794,18.1896,31.0222,-10.4283,7.13728,-0.528056,-4.72766,2.42188,1.89456,1.21322,15.4392,7.79658,16.5957,10.2159,11.0018,10.1954,3.70638,3.11016,4.80771
-263.416,102.402,-60.2502,-22.8201,-49.077,-44.6357,-33.2086,-33.3711,-38.8674,-20.0716,-18.6789,-11.624,-5.30996,7.83593,4.33597,-1.6631,-3.20659,2.77649,-8.94735,-1.79427
-353.244,119.79,-11.9787,-0.136923,-6.18038,-0.775473,-6.58633,-15.4396,-23.337,-4.99291,-8.33198,2.38185,5.4584,9.09135,8.70927,3.83101,3.91866,-1.1386,-3.10029,-8.53625
-456.496,111.174,47.363,16.4879,7.21798,3.35478,1.11508,-7.84276,-4.14143,-1.48402,1.72574,9.64099,11.4637,16.5404,16.6247,16.1395,10.4604,10.0682,3.11817,4.20577
-327.749,107.662,39.3126,29.1369,10.7694,24.3068,-4.71226,21.2725,-9.53889,18.283,-2.30232,16.3527,7.05444,6.96258,8.71331,1.24755,10.2361,1.85617,6.59059,2.35649
-469.16,90.2636,-33.0725,27.4125,29.1857,-8.7698,1.98231,17.1027,15.1959,-1.11699,3.49558,7.94601,-3.39249,6.38705,-0.365939,4.62392,-5.60419,3.00956,-2.96132,2.66941
-341.719,81.6529,8.37958,48.0496,-5.04952,28.3067,8.03021,14.545,8.01573,17.4782,4.91163,10.2865,6.09396,8.04897,5.43276,7.35514,3.55001,1.70275,0.727389,6.18333
-297.839,-22.4922,-41.7756,-2.63179,-37.403,-36.2401,-31.7399,-13.866,-35.4891,-7.66569,-23.3942,14.0445,-18.0391,11.4099,3.13564,2.18925,3.84323,-4.5421,1.38304,-8.56964
-409.058,-40.1037,-70.1793,29.4729,-3.32434,15.1209,-19.9627,-15.5987,-21.1609,1.29868,-8.12832,-12.4653,-11.7125,-9.11293,-11.4553,-9.9178,-7.10293,-5.6236,-7.33456,-2.4055
-302.481,90.1813,21.9681,41.2729,-39.2616,-4.32041,-6.82436,-3.13911,-14.2883,-7.26992,0.558497,2.96118,8.49274,8.42646,10.6312,13.0942,6.04268,5.29244,1.20246,-0.9109
-536.876,56.0944,-87.2575,-41.3969,-19.7498,-31.0951,-16.9053,3.34191,1.70636,-5.43241,-0.741822,7.54025,-1.53834,-3.96219,2.21813,5.42252,-2.08037,-2.44643,4.14964,3.0003
-452.323,108.535,45.0958,55.2,8.07469,26.4282,0.979207,-3.30169,-0.257013,0.0260335,4.57781,12.3757,13.8017,19.5665,12.8757,10.836,9.71474,10.6792,5.56393,7.7207
-333.003,98.6904,33.8037,49.8087,-36.1569,18.0855,-9.93538,-11.024,-14.6283,-2.54073,-1.68457,15.7935,13.9295,15.3238,15.3502,10.8927,10.4198,2.9271,6.00418,-1.68256
-453.553,-32.0291,-22.509,11.4618,-19.0884,-0.693771,-16.9506,8.3335,-6.13525,12.66,-5.76963,11.3207,1.08242,7.86687,-4.29311,6.69353,1.53442,5.05536,4.56974,4.51902
-367.616,132.552,40.134,26.3203,8.71821,18.3692,-3.7439,7.33417,1.79897,8.62133,-1.76864,1.6881,-0.727959,2.57086,-0.895336,0.519186,-2.82045,1.15655,-0.939106,4.20005
-539.414,109.433,35.2627,1.3121,2.37236,-2.35313,-4.13906,7.60911,2.38261,-4.08186,-6.93948,1.30969,-4.10542,-4.27049,-5.71012,0.734118,-2.72859,2.48761,0.388651,0.959409
-457.948,-1.61417,0.585317,25.0794,-24.3359,-9.40822,-3.72248,-20.0186,-5.57665,-2.21109,-12.9107,2.70823,3.73027,-1.68213,4.62728,10.1539,2.7166,8.32406,11.5185,5.69411
-574.831,33.8984,4.37202,27.6688,-37.0554,-13.603,2.43168,-15.5427,-22.0439,-6.7784,-22.6948,-10.1338,-2.91184,-4.62296,3.54101,-5.24664,2.24337,-5.78771,-0.0454253,3.49869
-252.293,92.1967,-19.4365,-15.036,-1.34816,17.1858,-0.263308,2.55485,-1.77859,3.95541,-4.11012,1.51456,-0.101978,8.86536,4.21504,5.54459,-1.016,2.99752,-0.564906,3.97076
-327.692,112.861,32.2987,53.8905,-15.907,32.9381,-11.7143,-4.26087,-6.11417,-6.3823,6.42544,10.3441,6.43357,14.1896,10.1037,9.05683,3.85578,6.28887,4.32399,6.10221
-577.969,42.1257,-9.19621,-0.579225,-8.21893,8.75148,3.73589,11.002,9.51856,11.7839,11.4602,10.5538,9.41968,7.01427,5.26996,3.74395,1.32131,1.527,-2.16275,-0.44271
-293.82,183.011,-1.71513,33.8553,0.901208,-2.67842,-8.35309,-14.9503,-12.4052,-12.11,-6.60265,-4.31623,4.27206,5.76374,6.2653,5.459,0.0410105,-4.35439,-2.77551,-1.76388
-566.566,73.5155,25.3906,63.4001,7.19319,23.0976,8.16909,9.04711,5.96572,0.146563,1.50178,0.336086,1.15608,0.812463,-4.54539,0.922054,-3.68411,0.453738,-4.27259,0.403113
-464.609,118.333,56.5626,24.4848,5.58138,8.26781,-7.77538,-9.90673,-12.9982,-8.20951,-8.53413,-5.49225,-4.78892,3.82297,2.11553,7.2222,1.62014,5.07091,-0.520903,2.7193
-544.193,200.499,19.2727,-54.6278,7.54053,-1.49,9.90546,-21.434,7.16088,-1.93651,0.100682,7.32108,6.977,7.09576,5.39021,5.7766,-2.05937,-0.941477,-4.2597,-5.25348
-309.414,87.0623,4.12634,8.59556,-16.3692,-21.9431,-40.5177,-39.0901,-42.2413,-10.8633,-27.7963,3.34071,-8.754,4.42732,3.59508,0.66148,3.61734,-2.7438,2.14397,-5.47831
-299.87,75.4986,7.0909,25.8921,-9.33829,14.1358,-1.67294,5.49442,-13.8321,11.8519,-5.51941,0.00905649,13.8998,-3.09909,12.7642,3.43007,2.30661,3.95809,-1.99703,5.85157
-373.041,0.394245,-67.0339,34.6772,-0.362674,10.2139,-14.2534,-13.125,-5.26933,6.95219,-11.9514,-10.4565,-12.0023,1.9604,2.80506,2.14931,-3.99111,1.23869,-4.4721,0.747786
-479.179,47.2836,7.63799,20.9273,-16.9532,0.101607,1.95613,-5.9505,-23.3062,4.96416,-15.6485,-11.1053,-1.89934,-4.46501,1.1855,-5.50773,3.71044,-1.68018,-2.5003,3.3893
-340.09,96.3407,45.7599,34.0965,15.0811,19.6605,6.26566,12.3267,-0.80336,4.77115,-8.47432,5.78227,2.90251,6.78181,4.75905,6.6362,4.61176,4.82422,4.43812,3.8765
-414.264,-8.32848,-48.4745,52.4292,-11.163,1.57409,-16.0967,-21.5363,-8.22478,-13.7958,-12.4203,-8.92099,-3.30197,-4.50213,-2.87779,-5.9322,-7.47682,-1.93271,-3.0923,2.3755
-450.048,95.7187,8.09245,30.4684,-17.603,11.3053,0.202645,-7.10627,7.44069,-1.22716,0.217496,14.1897,4.16939,15.7782,7.34366,9.27012,7.89297,4.3803,4.0432,3.22243
-734.96,-20.3005,13.7381,-4.85025,-4.02114,10.7688,-14.1355,13.9815,-11.1452,7.00366,-2.93477,-0.105297,1.76172,-2.20728,1.90744,-1.35858,0.908744,-0.704367,0.737568,-0.931464
